Unnamed: 0,id,user_id,t√≠tulo,descripcion,categoria_id,precio(‚Ç¨),imagenes,reservado,localizaci√≥n,golpe,reacondicionado,url_producto,posibilidad_envio
0,e658d1l0wg6o,w67d4e81p96x,Ps5,"
Ps5 version lector, con poco uso
funciona perfecta
incluye todos sus cables , mando y caja. 

vendo por comprar la ps5 pro
trato en mano",24200,320.0,[],False,Sanl√∫car de Barrameda,none,False,https://es.wallapop.com/item/ps5-1064874748,False
1,pj9m02lx3m6e,ke65q4emkp6o,Xbox cristal Green edici√≥n limitada muy nueva ,Xbox edici√≥n verde trasparente cristal Green con 2 mandos y cables esta en muy buen estado nunca abierta y funcionando perfectamente dif√≠cil de encontrar y en tan buen estado precio 350 euros ultimo precio o cambio por ps5 de disco mas 50 euros a su favor no hago envios,24200,350.0,[],False,Madrid,none,False,https://es.wallapop.com/item/xbox-cristal-green-edicion-limitada-muy-nueva-1064867861,False
2,qjw4gwn2nwzo,mznl0kwmg0jn,Ps5 lector ,Ps5 de lector total mente nueva a√∫n obteniendo su gran periodo de garant√≠a sus 825 GB que incluyen con juego incluido mando todo correctamente,24200,285.0,[],False,C√≥rdoba,none,False,https://es.wallapop.com/item/ps5-lector-1064867105,True
3,wzy4g1gmppz5,dqjw0xo28e6o,pack ps4 pro,"üî•ps4 pro en perfecto estado
üëëMandos, juegos y volante incluido
‚úÖCon todos sus cables para conectar
üîãLa play llega a 2160p (calidad)
üöÄJuego disney infinity 2.0 con muchas figuras y mundos, todo con su placa
üèÖ1TB de almacenamiento
Cajas incluidas

Cualquier pregunta no dudes en contactarme.  Precio negociable







ps5,ps4,ps3,ps vita, ps4 pro, juegos, sony, consola, gta,read dead, uncharted , fifa, 2k",24200,250.0,[],False,Playa de Daimus,none,False,https://es.wallapop.com/item/pack-ps4-pro-1064861968,True
4,8j34kwk1e769,nz0mylmqkejo,Playstation 5,"Memoria RAM de 16 GB.
En perfecto estado, √∫nico due√±o
Sin ning√∫n detalle
Se vende por renovaci√≥n
Incluye un control original y cables",24200,310.0,[],False,Murcia,none,False,https://es.wallapop.com/item/playstation-5-1064859382,True
5,w674nonovw6x,nz0m4kmkldjo,PS5,PS5 pr√°cticamente nueva con casi un mes de uso solo la vendo porque con el trabajo no ten√≠a tiempo para jugar y al final me acab√© comprando un pc y no la uso ,24200,350.0,[],False,Isla Cristina,none,False,https://es.wallapop.com/item/ps5-1064858852,True
6,8j34kwkdey69,pzp9rpyyel63,Base Fantec CSL DD Pro 5nm - Leer descripc,Vendo base fanatec dd pro 5 nm. Tiene el conector del freno averiado (conector suelto). Para PC funciona sin problemas porque los pedales se pueden conectar al pc. Y si eres un manitas o sabes d√≥nde te lo pueden reparar tambi√©n te valdr√≠a para PS,24200,250.0,[],False,Donostia-San Sebasti√°n,none,False,https://es.wallapop.com/item/base-fantec-csl-dd-pro-5nm-leer-descripc-1064858210,True
7,wzy4g1ggq2z5,36ew5495rv6d,Playstation 5 COMO NUEVA CON LECTOR,"Se vende Playstation 5 con lector. Muy poco uso. La vendo porque me la regalaron y no le doy provecho. Urge la venta, por eso est√° tan barata. Preguntad sin compromiso",24200,335.0,[],False,Alcal√° de Henares,none,False,https://es.wallapop.com/item/playstation-5-como-nueva-con-lector-1064856620,False
8,3zl8p2p8d86x,npj94wg4em6e,PS5 Disco + Dualsense V2 Rojo + Juego,"Se vende PS5 con lector de discos con dualsense version 2 en color rojo y el juego exclusivo de PS5 Forspoken precintado. No envio, se puede probar antes de comprar para ver que todo funciona correctamente",24200,350.0,[],False,Priego de C√≥rdoba,none,False,https://es.wallapop.com/item/ps5-disco---dualsense-v2-rojo---juego-1064852021,False
9,pj9m02qp226e,9nz08wvlpv6o,PS5 Disco Play 5 de 1TB nueva,"
Ofrecemos PlayStation 5 versi√≥n Disco de Sony, disponible en blanco. El equipo es NUEVO, incluye caja, cables, 2 mandos y accesorios completos. Contamos con varias unidades con bater√≠a al 100% y una garant√≠a de 2 a√±os. Aceptamos devoluciones hasta 15 d√≠as. Precio fijo, sin negociaciones. Realizamos env√≠os gestionados directamente por nosotros y pagos seguros fuera de plataformas. Apreciamos su tiempo. Cont√°ctenos para una atenci√≥n r√°pida, directa y confiable.",24200,329.79,[],False,Valencia,none,False,https://es.wallapop.com/item/ps5-disco-play-5-de-1tb-nueva-1064844713,True
10,ejk8n3w5p1jx,8ejkdd97v9zx,Play 5,"PS5 Slim digital en perfectas condiciones de 1T con cable HDMI, tiene 4 meses y se ha usado muy poco, el √∫nico inconveniente es que el yostick derecho del mando tiene un poco mordida la goma por mi p√°jaro pero el mando funciona perfecto, preferible que se venga a buscar 
",24200,300.0,[],True,Barcelona,none,False,https://es.wallapop.com/item/play-5-1064840447,True
11,3zl8p25qqq6x,xzo8vgvmew69,Vr 2 ps5,Quasi nuovo ho giocato non pi√π di due ore vendo perch√© ho poco spazio.......,24200,300.0,[],False,Catanzaro lido,none,False,https://es.wallapop.com/item/vr-2-ps5-1064833869,True
12,qjw4gw9gykzo,owzymln7x2z5,playstation 5,"SE VENDE

playstation 5 Con un mando y 3 a√±os de garantia 
Nueva sin utilizar
",24200,300.0,[],False,Benaguasil,none,False,https://es.wallapop.com/item/playstation-5-1064828805,True
13,xzo2w400vl69,g0j25n44qnjy,PS5,"Vendo PS5 con dos meses de uso, garant√≠a en vigor. Se vende por no usar.",24200,340.0,[],False,Arteixo,none,False,https://es.wallapop.com/item/ps5-1064827657,True
14,qzme0dn32yjv,vjrd15rp1x6k,PS5 Disco 1TB,"Estrena la PS5 con disco de 1TB. Producto 100% original y garant√≠a de 3 a√±os. Env√≠o r√°pido y seguro. Aceptamos Klarna, Apple Pay y tarjetas. Consultas por Wh2ts2pp. Contrareembolso digital Disponible
",24200,329.19,[],False,Madrid,none,False,https://es.wallapop.com/item/ps5-disco-1tb-1064823532,True
15,xzo2w4de3469,7v6g485pwl6e,Ps5 digital chasis c nueva a estrenar,"Vendo ps5 digital chasis C.La consola es nueva a estrenar.Repito nueva a estrenar,solamente la he probado para ver que est√° todo correcto. Pod√©is ver las valoraciones.No hago rebaja ninguna a quien intente regatear.Envio por Mrw",24200,290.0,[],False,Ciudad Real,none,False,https://es.wallapop.com/item/ps5-digital-chasis-c-nueva-a-estrenar-1064820881,False
16,pzp2xe5emlj3,ke657r5v32jo,PS5 con disco,"Vendo PS5 por adquisici√≥n de PS5 pro. La entrego con todos los accesorios originales incluido la caja. La consola est√° en perfectas condiciones.  La caja incluye: cable de alimentaci√≥n, un mando, un HDMI, soporte para ponerla en vertical y cable de carga del mando.",24200,350.0,[],False,Madrid,none,False,https://es.wallapop.com/item/ps5-con-disco-1064817574,False
17,mzn27kex1gzn,0j2yn7yw7dzy,Mando ps5 scuff,"Mando scuff personalizado
Usado 1 mes
Sin drift en los joysticks
Viene con su embalaje original y con 2 grips (sin cable)
Precio negociable
Para cualquier duda escribeme",24200,200.0,[],False,Granada,none,False,https://es.wallapop.com/item/mando-ps5-scuff-1064815873,False
18,qzme0dvyrgjv,8z8123ge1863,PsVR2,"Informaci√≥n y Ventas SOLO por WhatsApp. (Alfonso) 603 .*. 27 .*. 60 .*. 30. )-(

LIQUIDACI√ìN de √öltimas Unidades hasta el Martes 5 de Noviembre o Fin de Existencias. )-(

Ventas en persona (PREFERIBLEMENTE) o env√≠os 24H con opci√≥n de devoluci√≥n en un plazo de 7 d√≠as para comprobar que todo funciona correctamente. )-(


Unidades disponibles de PS5 con lector por 350E y PlayStation 5 digital por 250E. PlayStation Portal 150E y PlayStation VR2 300E.

Tambi√©n tenemos ediciones especiales de God of War, Call of Duty, FC24, Spiderman 2, etc. Estas √öltimas ser√≠an 50E m√°s caras. Se entregan nuevas con 3 a√±os de garantia directamente con Son",24200,300.0,[],False,Madrid,none,False,https://es.wallapop.com/item/psvr2-1064810232,True
19,8z8kp3r4r1z3,g0j2y3kdxmzy,"Ps5 como nueva, 2 mandos ",Se vende por no usar esta nueva algo negociable ,24200,350.0,[],False,Alcorc√≥n,none,False,https://es.wallapop.com/item/ps5-como-nueva-2-mandos-1064809970,True
20,3zl8p2nykn6x,x6qyxg9px5jy,Playstation vr2,"Para Ventas o cualquier tipo de informaci√≥n SOLO v√≠a WhatsApp. : 603 .-. 27 .-. 56 .-. 60. / Gabriel )-(

LIQUIDACI√ìN hasta el Martes 5 de Noviembre o hasta venta de √öltimas unidades. )-(

Para ventas en persona se puede probar todo delante nuestra. 
Tambi√©n hay posibilidad de env√≠o 24h con devoluci√≥n en un plazo de 7 d√≠as sin compromiso para comprobar todo con tranquilidad. )-(


Disponemos de PS5 est√°ndar con lector 350e y PlayStation 5 digital 250e. Ediciones como God of War, Call of Duty, FC24, Spiderman 2, etc.. 300 la digital y 400 la est√°ndar. 
Tambi√©n tenemos PlayStation VR, Mandos, Cascos, PlayStation Portal,etc.. 
Todo con",24200,280.0,[],False,Madrid,none,False,https://es.wallapop.com/item/playstation-vr2-1064804745,True
21,e658d19dmp6o,mznllr5w7gjn,‚ÄºÔ∏è NEW NINTENDO 3DS XL ‚ÄºÔ∏è,"üì¶SE HACEN ENV√çOS WALLAPOPüì¶
 
 üïπÔ∏è New Nintendo 3DS XL Negra üïπÔ∏è
 
 Funciona perfectamente, estado impoluto. El pack incluye cable de carga y tarjeta microSD 4GB.
 
 üéÆMas consolas en nuestro perfilüéÆ 
 
 tags: ps vita, ps1, ps2, ps3, ps4, ps5, psp go, switch, v1, v2, oled, lite, gameboy, new 3ds xl, dsi, ds, gamecube, nintendo 64, retro, arcade, rog ally, steam deck, wii u, 2ds Xl, xbox 360, series s, series x, playstation, snes, neo, po, sega, dreamcast, atari, iphone, samsung, apple, pokemon, zelda, mario, metroid, portable",24200,209.0,[],False,Madrid,none,False,https://es.wallapop.com/item/new-nintendo-3ds-xl-1064801096,True
22,pj9m02vmr26e,qnzx54oplm62,Consola ps5 con lector de discos ,"Se vende consola ps5 con dos carcasas una negra y la blanca original con mando dual sense y caja en perfecto estado ya se puede ver sin compromiso, zona las palmas pago en mano o mediante bizum ",24200,270.0,[],False,Las Palmas de Gran Canaria,none,False,https://es.wallapop.com/item/consola-ps5-con-lector-de-discos-1064796737,False
23,v6gg3x79576e,436ew4yooy6d,Ps5 Digital,"Ps5 digital en perfectas condiciones, le queda hasta septiembre de 2025 garantia. Factura de mediamarkt. Se entrega con la caja original y un mando.",24200,350.0,[],False,San Fernando,none,False,https://es.wallapop.com/item/ps5-digital-1064792264,False
24,qzme0dolvljv,8j3yrwv4ql69,Se vende volante logitech,"se vende volante logitech para ps4/ps5/PC.
Esta en perfecto estado solo se ha usado un par de veces se entrega con caja original y garantia del game.
precio poco negociable",24200,200.0,[],False,El Alquian,none,False,https://es.wallapop.com/item/se-vende-volante-logitech-1064791556,True
25,qjw4gw75gezo,3zlg1g0eppjx,Ps5,"Perfectas condiciones. La vendo porque no la uso, se puede venir a probar a mi casa",24200,320.0,[],False,M√°laga,none,False,https://es.wallapop.com/item/ps5-1064789305,True
26,wzy4g1x9d5z5,g0j2ngylymjy,Logitech G29 Driving Force,"Vendo volante Logitech G29 Driving Force, con solo 5 d√≠as de uso. Compatible con PS5, PS4 y PS3 i PC, ideal para simulaci√≥n de conducci√≥n. Incluye force feedback de dos motores para una experiencia realista, pedales de acelerador, freno y embrague, y un dise√±o premium en cuero y acero inoxidable. En caja original y en perfecto estado. Perfecto para juegos de carreras como Gran Turismo o F1.

Incluye cascos Astro A10 y F1 2023 para ps5.",24200,250.0,[],False,Matar√≥,none,False,https://es.wallapop.com/item/logitech-g29-driving-force-1064786668,True
27,3zl8p2knr46x,8z81w4vmoo63,Auriculares para Juegos ,"AceZone A-Spire - True Wireless Hybrid ANC Gaming Headset - Speech Enhancing Noise Canceling Microphone - PC, PS4, PS5, Series X, Series S, Switch, Mobile
",24200,220.0,[],False,Badalona,none,False,https://es.wallapop.com/item/auriculares-para-juegos-1064785321,True
28,vjrqm54n5xzk,36ed0rlneyjd,Ps5 Digital + mando ,Consola en perfectas condiciones y funcionamiento. Usada pero bien tratada. No hago rebajas no soy el corte ingl√©s.,24200,349.95,[],False,Sant Feliu de Llobregat,none,False,https://es.wallapop.com/item/ps5-digital---mando-1064779043,False
29,e658d170vg6o,wzvy4o5ng7zl,PS5 FAT LECTOR CFI-1216A + Juegos + 1 Mando ,"En venta una PS5 de 825 GB versi√≥n de disco f√≠sico, solo 1 mando  

Incluye el juego GTA V 

INCLUYE LA CAJA ORIGINAL JUNTO A SUS MANUALES DE SONY 

Modelo cfi-1215A , es el modelo que mejor refrigeraci√≥n tiene 

Abierto a cambios por alg√∫n art√≠culo de mi inter√©s como bicicleta electrica camaras de fotos m√≥viles etc ",24200,350.0,[],False,Algeciras,none,False,https://es.wallapop.com/item/ps5---gta-v---1-mando-1064777500,False
30,xzo2w4x7vl69,8z81w4vmoo63,Volante y 3 pedales ,Thrustmaster T300RS GT - Volante y 3 Pedales Force Feedback Compatible para PS5/PS4 y PC,24200,220.0,[],False,Badalona,none,False,https://es.wallapop.com/item/volante-y-3-pedales-1064771209,True
31,v6gg3xoov56e,p8j3oe9r4yj9,Playstation 5 2020 y 2 Mandos Inal√°mbricos,"Playstation 5 Consola Digital Edition y 2 Mandos Inal√°mbricos Dualsense. Se entrega en su caja original y con los dos mandos.

En perfecto estado, vendemos por desuso.",24200,300.0,[],True,Terrassa,none,False,https://es.wallapop.com/item/playstation-5-slim-y-2-mandos-inalambricos-1064770264,True
32,wzv4d72y27zl,k3zl910o8nzx,Playstation 5 slim digital con mando,precintada con factura y garantia del corte ingles. gente seria por favor,24200,350.0,[],False,Sevilla,none,False,https://es.wallapop.com/item/playstation-5-slim-digital-con-mando-1064767289,False
33,qzme0dm0ngjv,9nz0w1d75v6o,Play 5 Slim 1TB Digital,"Esta como nueva, comprada hace 2 meses, se vende por no usarla.
Incluye 1 mando.
Todos los cables incluidos",24200,320.0,[],False,Alameda de la Sagra,none,False,https://es.wallapop.com/item/play-5-slim-1tb-digital-1064759880,False
34,nz041p8xmdjo,v4z41x1v4mzy,Play 5 sin usar ,PlayStation 5 blanca sin usar viene con un mando y el juego formula 1 2024 en su disco duro,24200,350.0,[],False,Bigues,none,False,https://es.wallapop.com/item/play-5-sin-usar-1064759099,True
35,nzx4gxeer5j2,owzy4le0wez5,"Smart TV Sony Oled 55"" para piezas ","Con dos a√±os de uso ha dejado de funcionar la pantalla. Emite 4 Flashes Led intermitentes. Sony QD-OLED Master Series - 55A95K/P BRAVIA XR televisor inteligente Google, 4K/P Ultra-HD, para PS5, Bravia CAM inclu√≠da, Dolby Vision-Atmos, Pantalla Triluminos MAX [Clase de eficiencia energ√©tica G] Se vende para piezas o si quieres arreglarla. Entrega en mano",24200,200.0,[],False,Ciudad Real,none,False,https://es.wallapop.com/item/smart-tv-sony-oled-55-para-piezas-1064755754,False
36,pzp2xek22lj3,36edlye4myjd,Monitor Dell QHD 140 HZ,"Monitor Dell, en muy buen estado, con 140hz de actualizacion de imagen y 2.048 x 1.080 p√≠xeles (+2K RESOLUCION) 1 ms de tiempo de respuesta y perfecto para gaming, es de 24 pulgadas, panel TN y G-SYNC. ESTE ARTICULO NO SE ENVIA. Solo entrega en mano en Lleida. Mas info chat.




pc ps4 ps5 gaming ",24200,200.0,[],False,Lleida,none,False,https://es.wallapop.com/item/monitor-dell-qhd-140-hz-1064755150,False
37,0j24o74m9nzy,8z814nwev163,Play 5 sin disquera ,Vendo play 5 sin disquera totalmente nueva solo lleva 3 meses de uso y solo quiero que me hable gente seria sin tonterias ,24200,300.0,[],False,Elx/Elche,none,False,https://es.wallapop.com/item/play-5-sin-disquera-1064751559,False
38,x6qm1gmpenjy,9jd7e1rn89jk,PlayStation 5,Vendo PS 5 Digital in ottime condizioni,24200,320.0,[],False,Velletri,none,False,https://es.wallapop.com/item/playstation-5-1064750842,True
39,nz041p0nnejo,36ew8dm87k6d,E23814-0 VOLANTE PS4 THRUSTMASTER T300,"DESCUENTO 5% en tienda. WhatsApp: 676 14 63 13 . VOLANTE PS4 en Estado Muy Bueno Marca: Thrustmaster, Modelo: T300, Accesorios: Volante Y Pedales, Inalambrico: No, Edicion Especial: No, Force Feedback: Si, Palanca De Cambios: No, Rotacion: 360, Vibracion: Si, Pedales: Si, Cable Carga: Si, Wallapop: 1 . Con 3 a√±os de GARANT√çA. Tienda Cash Converters en C/ Emperatriz Eugenia, 3 de Granada. CC097_E23814_0 Videojuegos ",12485,234.94,[],False,Granada,none,False,https://es.wallapop.com/item/e23814-0-volante-ps4-thrustmaster-t300-1064737699,False
